t_seconds,consumed_bytes,compressed_blob_bytes
0.0,0,0
0.2,12288,0
0.4,12288,0
0.6,12288,0
0.8,65536,0
1.0,90112,0
1.2,81920,0
1.4,81920,0
1.6,86016,4096
1.8,6778880,6696960
2.0,30801920,30007296
2.2,63930368,55091200
2.4,113430528,95936512
2.601,174706688,153059328
2.8,232808448,206225408
3.0,305168384,272203776
3.2,367996928,326492160
3.4,427401216,381276160
3.6,505421824,450781184
3.8,563175424,499945472
4.0,624312320,556670976
4.2,678653952,608894976
4.402,733413376,662302720
4.6,793579520,716812288
4.8,865132544,787582976
5.0,913055744,832188416
5.2,956915712,873320448
5.4,991043584,904720384
5.6,1005850624,917934080
5.8,1005850624,917934080
6.0,1005850624,917934080
6.2,1005850624,917934080
6.4,1005850624,917934080
6.6,1043066880,954937344
6.8,1087844352,999714816
7.0,1150980096,1062875136
7.2,1194995712,1106866176
7.4,1238183936,1150087168
7.602,1291481088,1203351552
7.8,1345892352,1257771008
8.0,1389031424,1300918272
8.2,1444245504,1356099584
8.4,1496109056,1407979520
8.6,1546301440,1458155520
8.8,1595568128,1507422208
9.0,1636122624,1547997184
9.2,1679425536,1591296000
9.4,1719185408,1631039488
9.6,1758834688,1670688768
9.802,1794306048,1706176512
10.0,1831788544,1743654912
10.2,1865363456,1777250304
10.4,1898635264,1810505728
10.6,1929129984,1840984064
10.8,1939730432,1851584512
11.0,1956691968,1868554240
11.2,1985888256,1897750528
11.412,2020368384,1932226560
11.6,2054455296,1966317568
11.8,2094432256,2006278144
12.0,2129256448,2041118720
12.2,2164686848,2076565504
12.4,2199027712,2110881792
12.602,2230239232,2142085120
12.8,2267836416,2179682304
13.0,2306019328,2217865216
13.2,2338897920,2250743808
13.4,2373271552,2285133824
13.6,2411450368,2323345408
13.8,2446774272,2358636544
14.0,2485702656,2397548544
14.2,2524958720,2436804608
14.4,2555269120,2467164160
14.604,2593476608,2505322496
14.8,2628472832,2540318720
15.0,2660126720,2571972608
15.2,2694778880,2606624768
15.4,2729889792,2641735680
15.6,2760732672,2672578560
15.8,2794999808,2706845696
16.0,2824953856,2736779264
16.2,2824953856,2736779264
16.4,2824953856,2736779264
16.6,2824953856,2736779264
16.8,2824953856,2736779264
17.0,2824953856,2736779264
17.2,2824953856,2736779264
17.4,2824953856,2736779264
17.6,2824953856,2736779264
17.8,2827763712,2739367936
18.0,2861637632,2770841600
18.2,2912460800,2811809792
18.4,2964242432,2853634048
18.602,3020681216,2900561920
18.8,3081052160,2951499776
19.0,3135705088,2999689216
19.2,3197497344,3054919680
19.4,3252101120,3109412864
19.6,3310411776,3151560704
19.8,3364380672,3195764736
20.004,3394723840,3215114240
20.2,3474534400,3288612864
20.4,3547357184,3351949312
20.6,3619086336,3415433216
20.8,3679809536,3473444864
21.001,3740164096,3529551872
21.2,3796922368,3583332352
21.4,3856052224,3639365632
21.6,3918835712,3700645888
21.8,3978936320,3758510080
22.0,4040990720,3817525248
22.2,4099584000,3873009664
22.4,4164956160,3934949376
22.6,4223397888,3991703552
22.8,4280135680,4046188544
23.0,4340682752,4104474624
23.2,4406349824,4166602752
23.4,4465131520,4223389696
23.6,4508540928,4265136128
23.8,4575125504,4329033728
24.0,4632588288,4377890816
24.201,4696383488,4435824640
24.4,4753014784,4489981952
24.6,4820328448,4554280960
24.8,4877660160,4610027520
25.0,4933140480,4660023296
25.2,4982480896,4706332672
25.4,5029199872,4750692352
25.6,5074833408,4794781696
25.8,5121748992,4837019648
26.0,5166886912,4879699968
26.2,5207887872,4918743040
26.4,5258203136,4966133760
26.6,5306028032,5009362944
26.8,5347078144,5047631872
27.0,5399674880,5094576128
27.2,5446217728,5137178624
27.4,5489455104,5177823232
27.6,5523562496,5210116096
27.8,5573541888,5257433088
28.001,5609201664,5291208704
28.2,5661814784,5338931200
28.4,5695868928,5369843712
28.6,5753462784,5421928448
28.8,5800812544,5461676032
29.0,5856366592,5506150400
29.2,5898108928,5544263680
29.4,5951242240,5591158784
29.6,5999697920,5633839104
29.8,6042509312,5673750528
30.0,6096523264,5722656768
30.2,6144634880,5766975488
30.4,6187847680,5808459776
30.6,6225551360,5842145280
30.8,6269362176,5882679296
31.0,6318206976,5928296448
31.201,6365868032,5972615168
31.4,6415130624,6019223552
31.6,6467571712,6066024448
31.8,6517391360,6113669120
32.0,6568652800,6160650240
32.203,6621716480,6208831488
32.4,6673973248,6256091136
32.6,6721097728,6299963392
32.8,6772731904,6346178560
33.0,6822780928,6392475648
33.2,6883258368,6449631232
33.4,6927278080,6492004352
33.6,6988128256,6548836352
33.8,7035817984,6593429504
34.0,7094992896,6649745408
34.208,7151230976,6702993408
34.4,7202091008,6751637504
34.6,7253028864,6798397440
34.8,7313698816,6855774208
35.001,7356547072,6897094656
35.2,7425003520,6960222208
35.4,7479930880,7013101568
35.6,7533785088,7063375872
35.802,7585742848,7112019968
36.0,7635017728,7159943168
36.2,7697039360,7213588480
36.4,7739654144,7250939904
36.6,7780282368,7284445184
36.8,7823810560,7321915392
37.0,7867351040,7359909888
37.2,7914373120,7400607744
37.4,7962669056,7438880768
37.6,8008646656,7477907456
37.8,8058953728,7517097984
38.0,8108474368,7557615616
38.2,8160231424,7599198208
38.4,8212553728,7638339584
38.6,8244162560,7658639360
38.8,8282324992,7689179136
39.0,8341159936,7736365056
39.2,8388325376,7772672000
39.4,8437198848,7812812800
39.604,8484999168,7852691456
39.8,8539017216,7897878528
40.0,8588079104,7937445888
40.2,8642228224,7979487232
40.401,8688795648,8014893056
40.6,8750673920,8064540672
40.8,8801857536,8107003904
41.0,8859451392,8153468928
41.2,8909824000,8194752512
41.4,8960237568,8234582016
41.6,8982536192,8244510720
41.8,9023340544,8273182720
42.0,9053720576,8291102720
42.2,9080905728,8304656384
42.4,9113006080,8324284416
42.6,9155489792,8354492416
42.8,9188945920,8374890496
43.0,9221734400,8394620928
43.2,9249521664,8411475968
43.4,9276063744,8429334528
43.6,9300307968,8447406080
43.8,9319763968,8461971456
44.0,9342357504,8479879168
44.2,9371447296,8498671616
44.4,9395867648,8517734400
44.6,9419472896,8536305664
44.8,9442811904,8553279488
45.0,9467695104,8572030976
45.201,9489371136,8590934016
45.4,9512763392,8610492416
45.6,9535246336,8628973568
45.8,9553850368,8644153344
46.0,9577189376,8663035904
46.2,9602576384,8682713088
46.4,9626791936,8702177280
46.601,9652674560,8721084416
46.8,9673150464,8736206848
47.0,9698893824,8754442240
47.2,9724649472,8774217728
47.4,9751277568,8792920064
47.6,9773142016,8810532864
47.8,9795190784,8826400768
48.0,9822261248,8845676544
48.2,9848913920,8864698368
48.4,9871888384,8881860608
48.601,9899757568,8901079040
48.8,9923756032,8920608768
49.0,9936916480,8926318592
49.2,9942523904,8926318592
49.4,9947381760,8926318592
49.6,9954258944,8926318592
49.8,9958825984,8926318592
50.0,9964421120,8926318592
50.2,9971478528,8926318592
50.4,9981624320,8926318592
50.6,9991639040,8926318592
50.8,10004889600,8926318592
51.0,10017820672,8926318592
51.2,10030714880,8926318592
51.4,10041569280,8926318592
51.6,10057986048,8926318592
51.8,10069139456,8926318592
52.0,10080116736,8926318592
52.2,10092077056,8926318592
52.4,10104102912,8926318592
52.6,10115899392,8926318592
52.8,10132938752,8926318592
53.0,10151387136,8926318592
53.2,10169507840,8926318592
53.4,10184978432,8926318592
53.6,10198642688,8926318592
53.8,10211491840,8926318592
54.0,10226405376,8926318592
54.2,10238926848,8926318592
54.4,10251386880,8926318592
54.6,10264256512,8926318592
54.8,10276343808,8926318592
55.0,10288812032,8926318592
55.2,10302382080,8926318592
55.4,10316644352,8926318592
55.6,10329165824,8926318592
55.8,10341818368,8926318592
56.0,10355716096,8926318592
56.2,10367627264,8926318592
56.4,10378997760,8926318592
56.6,10392891392,8926318592
56.8,10410426368,8926318592
57.0,10421796864,8926318592
57.2,10433826816,8926318592
57.4,10447790080,8926318592
57.6,10460573696,8926318592
57.8,10476433408,8926318592
58.0,10493911040,8926318592
58.2,10507280384,8926318592
58.4,10520764416,8926318592
58.601,10532868096,8926318592
58.8,10540408832,8926318592
59.0,10553810944,8926318592
59.2,10567446528,8926318592
59.4,10581209088,8926318592
59.6,10595921920,8926318592
59.8,10610987008,8926318592
60.0,10623430656,8926318592
60.2,10637520896,8926318592
60.4,10651406336,8926318592
60.6,10668548096,8926318592
60.8,10682134528,8926318592
61.0,10695512064,8926318592
61.2,10708672512,8926318592
61.4,10723139584,8926318592
61.6,10740670464,8926318592
61.8,10754158592,8926318592
62.0,10766766080,8926318592
62.2,10778804224,8926318592
62.4,10793254912,8926318592
62.6,10813673472,8926318592
62.8,10834255872,8926318592
63.0,10851409920,8926318592
63.2,10865582080,8926318592
63.4,10876334080,8926318592
63.6,10885939200,8926318592
63.8,10894594048,8926318592
64.0,10907127808,8926318592
64.2,10919514112,8926318592
64.4,10933575680,8926318592
64.6,10945667072,8926318592
64.8,10959626240,8926318592
65.0,10972803072,8926318592
65.2,10984992768,8926318592
65.4,10998956032,8926318592
65.6,11011440640,8926318592
65.8,11024334848,8926318592
66.0,11032559616,8926318592
66.2,11036782592,8926318592
66.4,11041755136,8926318592
66.6,11044241408,8926318592
66.8,11046768640,8926318592
67.0,11049013248,8926318592
67.2,11051360256,8926318592
67.4,11053662208,8926318592
67.6,11056791552,8926318592
67.8,11059679232,8926318592
68.0,11062407168,8926318592
68.2,11067441152,8926318592
68.4,11074666496,8926318592
68.6,11078701056,8926318592
68.8,11083096064,8926318592
69.0,11087360000,8926318592
69.2,11099242496,8926318592
69.4,11111792640,8926318592
69.6,11116597248,8926318592
69.8,11130126336,8926318592
70.0,11143012352,8926318592
70.2,11148185600,8926318592
70.4,11150028800,8926318592
70.6,11151405056,8926318592
70.8,11152945152,8926318592
71.0,11154444288,8926318592
71.2,11156258816,8926318592
71.4,11158507520,8926318592
71.6,11160358912,8926318592
71.8,11161378816,8926318592
72.0,11162570752,8926318592
72.2,11164385280,8926318592
72.4,11167117312,8926318592
72.6,11168866304,8926318592
72.8,11170557952,8926318592
73.0,11173572608,8926318592
73.2,11175387136,8926318592
73.4,11177132032,8926318592
73.6,11178631168,8926318592
73.8,11180662784,8926318592
74.0,11182682112,8926318592
74.2,11187113984,8926318592
74.4,11190661120,8926318592
74.6,11196346368,8926318592
74.8,11202256896,8926318592
75.0,11205197824,8926318592
75.2,11207720960,8926318592
75.4,11210395648,8926318592
75.6,11213156352,8926318592
75.8,11218759680,8926318592
76.0,11225792512,8926318592
76.2,11227779072,8926318592
76.4,11230199808,8926318592
76.6,11232219136,8926318592
76.8,11237761024,8926318592
77.0,11244982272,8926318592
77.21,11248799744,8926318592
77.4,11256971264,8926318592
77.6,11259428864,8926318592
77.8,11266695168,8926318592
78.0,11275173888,8926318592
78.2,11287638016,8926318592
78.4,11300974592,8926318592
78.6,11306307584,8926318592
78.8,11312132096,8926318592
79.0,11318677504,8926318592
79.2,11323801600,8926318592
79.4,11329118208,8926318592
79.6,11332014080,8926318592
79.8,11336298496,8926318592
80.0,10587901952,8176549888
80.2,10587901952,8176549888
80.4,10587906048,8176549888
80.6,10591858688,8176549888
80.8,10601328640,8176549888
81.0,10611654656,8176549888
81.2,10621255680,8176549888
81.4,10630496256,8176549888
81.6,10640621568,8176549888
81.8,10651316224,8176549888
82.0,10662686720,8176549888
82.2,10673598464,8176549888
82.4,10684018688,8176549888
82.6,10694569984,8176549888
82.8,10705551360,8176549888
83.0,10716790784,8176549888
83.2,10727997440,8176549888
83.4,10738745344,8176549888
83.6,10749497344,8176549888
83.8,10759856128,8176549888
84.0,10770243584,8176549888
84.2,10780762112,8176549888
84.4,10791186432,8176549888
84.6,10801704960,8176549888
84.8,10812420096,8176549888
85.0,10823266304,8176549888
85.2,10834280448,8176549888
85.4,10845224960,8176549888
85.6,10856173568,8176549888
85.8,10867056640,8176549888
86.0,10878689280,8176549888
86.2,10889797632,8176549888
86.4,10900938752,8176549888
86.6,10911948800,8176549888
86.8,10923192320,8176549888
87.0,10933972992,8176549888
87.2,10944397312,8176549888
87.4,10954883072,8176549888
87.6,10965176320,8176549888
87.8,10975891456,8176549888
88.0,10987065344,8176549888
88.2,10998075392,8176549888
88.4,10750394368,7923494912
88.6,10751119360,7923494912
88.8,10758619136,7923494912
89.0,10763468800,7923494912
89.2,10766409728,7923494912
89.4,10769215488,7923494912
89.6,10772996096,7923494912
89.8,10780569600,7923494912
90.0,10790596608,7923494912
90.2,10799632384,7923494912
90.4,10810204160,7923494912
90.6,10820259840,7923494912
90.8,10831650816,7923494912
91.0,10844209152,7923494912
91.2,10854150144,7923494912
91.4,10864476160,7923494912
91.6,10874478592,7923494912
91.8,10884726784,7923494912
92.0,10895249408,7923494912
92.2,10906140672,7923494912
92.4,10916909056,7923494912
92.6,10926546944,7923494912
92.8,10935181312,7923494912
93.0,10945970176,7923494912
93.2,10955567104,7923494912
93.4,10965311488,7923494912
93.6,10975178752,7923494912
93.8,10984525824,7923494912
94.0,10993618944,7923494912
94.2,11003383808,7923494912
94.4,11013578752,7923494912
94.6,11023605760,7923494912
94.8,11033993216,7923494912
95.0,11043299328,7923494912
95.2,11053395968,7923494912
95.4,11063259136,7923494912
95.6,11073679360,7923494912
95.8,11083771904,7923494912
96.0,11094097920,7923494912
96.2,11104747520,7923494912
96.4,11115102208,7923494912
96.6,11125850112,7923494912
96.8,11135909888,7923494912
97.0,11146166272,7923494912
97.2,11156459520,7923494912
97.4,11166420992,7923494912
97.6,11176972288,7923494912
97.8,11186704384,7923494912
98.0,11197026304,7923494912
98.2,11206991872,7923494912
98.4,11216887808,7923494912
98.6,11227701248,7923494912
98.8,11238219776,7923494912
99.0,11248902144,7923494912
99.2,11259650048,7923494912
99.4,11270234112,7923494912
99.6,11281408000,7923494912
99.8,11292065792,7923494912
100.0,11303002112,7923494912
100.2,11313381376,7923494912
100.4,11328507904,7923494912
100.6,11349626880,7923494912
100.8,11363201024,7923494912
101.0,11377278976,7923494912
101.2,11386728448,7923494912
101.4,11395940352,7923494912
101.6,11405348864,7923494912
101.8,11415076864,7923494912
102.0,11426496512,7923494912
102.2,11436855296,7923494912
102.4,11448340480,7923494912
102.6,11460280320,7923494912
102.8,11471142912,7923494912
103.0,11481722880,7923494912
103.2,11493224448,7923494912
103.4,11504824320,7923494912
103.6,11516760064,7923494912
103.8,11528355840,7923494912
104.0,11541311488,7923494912
104.2,11552223232,7923494912
104.4,11564912640,7923494912
104.6,11578544128,7923494912
104.8,11592437760,7923494912
105.0,11606175744,7923494912
105.2,11620552704,7923494912
105.4,11633508352,7923494912
105.6,11645329408,7923494912
105.8,11656028160,7923494912
106.0,11667292160,7923494912
106.2,11679428608,7923494912
106.4,11690950656,7923494912
106.6,11702575104,7923494912
106.8,11714011136,7923494912
107.0,11724984320,7923494912
107.2,11735863296,7923494912
107.4,11747336192,7923494912
107.6,11758608384,7923494912
107.8,11769421824,7923494912
108.0,11780300800,7923494912
108.2,11791409152,7923494912
108.4,11802681344,7923494912
108.6,11814019072,7923494912
108.8,11825037312,7923494912
109.0,11836628992,7923494912
109.2,11849183232,7923494912
109.4,11860553728,7923494912
109.6,11872280576,7923494912
109.8,11884081152,7923494912
110.0,11895222272,7923494912
110.2,11906560000,7923494912
110.4,11918090240,7923494912
110.6,11929473024,7923494912
110.8,11941064704,7923494912
111.0,11952271360,7923494912
111.2,11963707392,7923494912
111.4,11975634944,7923494912
111.6,11987062784,7923494912
111.8,11997515776,7923494912
112.0,12007645184,7923494912
112.2,12018032640,7923494912
112.4,12028715008,7923494912
112.6,12040183808,7923494912
112.8,12051685376,7923494912
113.0,12063297536,7923494912
113.2,12074516480,7923494912
113.4,12085526528,7923494912
113.6,12097048576,7923494912
113.8,12109811712,7923494912
114.0,12120317952,7923494912
114.2,12131143680,7923494912
114.4,12142321664,7923494912
114.6,12154941440,7923494912
114.8,12167749632,7923494912
115.0,12179275776,7923494912
115.2,12189597696,7923494912
115.4,12200656896,7923494912
115.6,12212326400,7923494912
115.8,12223315968,7923494912
116.0,12234752000,7923494912
116.2,12245389312,7923494912
116.4,12256772096,7923494912
116.6,12268474368,7923494912
116.8,12279910400,7923494912
117.0,12291973120,7923494912
117.2,12302151680,7923494912
117.4,12313292800,7923494912
117.6,12324089856,7923494912
117.8,12336246784,7923494912
118.0,12351918080,7923494912
118.2,12363808768,7923494912
118.4,12374867968,7923494912
118.6,12386631680,7923494912
118.8,12397416448,7923494912
119.0,12408504320,7923494912
119.2,12420104192,7923494912
119.4,12432322560,7923494912
119.6,12444770304,7923494912
119.8,12457615360,7923494912
120.0,12470919168,7923494912
120.2,12481568768,7923494912
120.4,12493631488,7923494912
120.6,12505788416,7923494912
120.8,12517093376,7923494912
121.0,12528988160,7923494912
121.2,12541485056,7923494912
121.4,12552712192,7923494912
121.6,12564639744,7923494912
121.8,12577288192,7923494912
122.0,12590460928,7923494912
122.2,12602028032,7923494912
122.4,12614352896,7923494912
122.6,12627427328,7923494912
122.8,12641124352,7923494912
123.0,12652986368,7923494912
123.2,12664795136,7923494912
123.4,12676898816,7923494912
123.6,12692213760,7923494912
123.8,12705681408,7923494912
124.0,12719869952,7923494912
124.2,12736720896,7923494912
124.4,12749361152,7923494912
124.6,12760653824,7923494912
124.8,12771733504,7923494912
125.0,12783484928,7923494912
125.2,12795543552,7923494912
125.4,12806811648,7923494912
125.6,12821229568,7923494912
125.8,12838936576,7923494912
126.0,12850569216,7923494912
126.2,12865617920,7923494912
126.4,12883353600,7923494912
126.6,12900470784,7923494912
126.8,12912513024,7923494912
127.0,12924047360,7923494912
127.2,12936196096,7923494912
127.4,12952367104,7923494912
127.6,12965019648,7923494912
127.8,12977311744,7923494912
128.0,12988796928,7923494912
128.2,13000372224,7923494912
128.4,13014016000,7923494912
128.6,13027909632,7923494912
128.8,13039210496,7923494912
129.0,13049884672,7923494912
129.2,13061038080,7923494912
129.4,13074350080,7923494912
129.6,13087830016,7923494912
129.8,13104590848,7923494912
130.0,13120667648,7923494912
130.2,13132898304,7923494912
130.4,13144072192,7923494912
130.6,13155282944,7923494912
130.8,13166690304,7923494912
131.0,13177634816,7923494912
131.2,13188386816,7923494912
131.4,13198901248,7923494912
131.6,13210959872,7923494912
131.8,13222985728,7923494912
132.0,13234454528,7923494912
132.2,13245120512,7923494912
132.4,13257736192,7923494912
132.6,13269393408,7923494912
132.8,13279449088,7923494912
133.0,13290229760,7923494912
133.2,13300686848,7923494912
133.4,13311139840,7923494912
133.6,13321625600,7923494912
133.8,13331951616,7923494912
134.0,13342654464,7923494912
134.2,13352943616,7923494912
134.4,13363363840,7923494912
134.6,13374025728,7923494912
134.8,13385039872,7923494912
135.0,13395759104,7923494912
135.2,13405970432,7923494912
135.4,13416329216,7923494912
135.6,13426409472,7923494912
135.8,13437431808,7923494912
136.0,13448114176,7923494912
136.2,13459329024,7923494912
136.4,13470703616,7923494912
136.6,13481226240,7923494912
136.8,13492064256,7923494912
137.0,13502615552,7923494912
137.2,13513023488,7923494912
137.4,13524115456,7923494912
137.6,13535330304,7923494912
137.8,13546369024,7923494912
138.0,13558591488,7923494912
138.2,13571780608,7923494912
138.4,13584023552,7923494912
138.6,13594439680,7923494912
138.8,13608546304,7923494912
139.0,13621981184,7923494912
139.2,13633384448,7923494912
139.4,13644656640,7923494912
139.6,13657239552,7923494912
139.8,13672902656,7923494912
140.0,13685248000,7923494912
140.2,13696757760,7923494912
140.4,13709471744,7923494912
140.6,13721047040,7923494912
140.8,13733040128,7923494912
141.0,13745201152,7923494912
141.2,13756243968,7923494912
141.4,13767974912,7923494912
141.6,13781250048,7923494912
141.8,13793517568,7923494912
142.0,13804593152,7923494912
142.2,13816352768,7923494912
142.4,13828182016,7923494912
142.6,13839749120,7923494912
142.8,13851320320,7923494912
143.0,13866622976,7923494912
143.2,13879328768,7923494912
143.4,13891256320,7923494912
143.6,13902073856,7923494912
143.8,13914099712,7923494912
144.0,13925711872,7923494912
144.2,13937594368,7923494912
144.4,13948690432,7923494912
144.6,13960986624,7923494912
144.8,13972578304,7923494912
145.0,13985304576,7923494912
145.2,13998710784,7923494912
145.4,14011805696,7923494912
145.6,14024962048,7923494912
145.8,14036795392,7923494912
146.0,14048260096,7923494912
146.2,14060167168,7923494912
146.4,14071201792,7923494912
146.6,14082011136,7923494912
146.8,14094036992,7923494912
147.0,14106595328,7923494912
147.2,14118895616,7923494912
147.4,14133325824,7923494912
147.6,14144405504,7923494912
147.8,14155669504,7923494912
148.0,14168035328,7923494912
148.2,14179942400,7923494912
148.4,14192820224,7923494912
148.6,14204977152,7923494912
148.8,14217203712,7923494912
149.0,14229590016,7923494912
149.2,14242205696,7923494912
149.4,14254952448,7923494912
149.6,14267863040,7923494912
149.8,14280843264,7923494912
150.0,14293852160,7923494912
150.2,14306402304,7923494912
150.4,14318780416,7923494912
150.6,14331031552,7923494912
150.8,14342819840,7923494912
151.0,14357262336,7923494912
151.2,14369689600,7923494912
151.4,14381477888,7923494912
151.6,14393311232,7923494912
151.8,14404681728,7923494912
152.0,14416044032,7923494912
152.2,14429089792,7923494912
152.4,14442950656,7923494912
152.6,14455603200,7923494912
152.8,14467444736,7923494912
153.0,14478766080,7923494912
153.2,14489980928,7923494912
153.4,14501425152,7923494912
153.6,14513225728,7923494912
153.8,14523604992,7923494912
154.0,14534819840,7923494912
154.2,14545375232,7923494912
154.4,14556360704,7923494912
154.6,14567374848,7923494912
154.8,14578196480,7923494912
155.0,14589501440,7923494912
155.2,14600941568,7923494912
155.4,14612279296,7923494912
155.6,14624202752,7923494912
155.8,14635933696,7923494912
156.0,14647533568,7923494912
156.2,14659231744,7923494912
156.4,14670442496,7923494912
156.6,14682673152,7923494912
156.8,14694772736,7923494912
157.0,14706835456,7923494912
157.2,14719221760,7923494912
157.4,14731120640,7923494912
157.6,14743146496,7923494912
157.8,14755471360,7923494912
158.0,14767353856,7923494912
158.2,14778740736,7923494912
158.4,14790397952,7923494912
158.6,14802010112,7923494912
158.8,14813188096,7923494912
159.0,14824722432,7923494912
159.2,14835863552,7923494912
159.4,14847037440,7923494912
159.6,14857912320,7923494912
159.8,14868553728,7923494912
160.0,14879727616,7923494912
160.2,14889721856,7923494912
160.4,14900760576,7923494912
160.6,14911758336,7923494912
160.8,14925094912,7923494912
161.0,14938398720,7923494912
161.2,14951223296,7923494912
161.4,14963032064,7923494912
161.6,14974439424,7923494912
161.8,14984527872,7923494912
162.0,14994018304,7923494912
162.2,15002517504,7923494912
162.4,15011385344,7923494912
162.6,15023300608,7923494912
162.8,15035387904,7923494912
163.0,15045844992,7923494912
163.2,15056691200,7923494912
163.4,15067148288,7923494912
163.6,15078092800,7923494912
163.8,15088640000,7923494912
164.0,15099916288,7923494912
164.2,15110434816,7923494912
164.4,15121149952,7923494912
164.6,15131045888,7923494912
164.8,15141535744,7923494912
165.0,15151628288,7923494912
165.2,15162523648,7923494912
165.4,15173111808,7923494912
165.6,15183667200,7923494912
165.8,15194386432,7923494912
166.0,15205105664,7923494912
166.2,15215861760,7923494912
166.4,15226155008,7923494912
166.6,15238455296,7923494912
166.8,15249219584,7923494912
167.0,15259840512,7923494912
167.2,15271079936,7923494912
167.4,15282130944,7923494912
167.6,15294521344,7923494912
167.8,15306174464,7923494912
168.0,15317155840,7923494912
168.2,15329185792,7923494912
168.4,15342096384,7923494912
168.6,15357435904,7923494912
168.8,15369531392,7923494912
169.0,15382904832,7923494912
169.2,15396700160,7923494912
169.4,15410626560,7923494912
169.6,15423082496,7923494912
169.8,15435735040,7923494912
170.0,15449235456,7923494912
170.2,15462801408,7923494912
170.4,15476273152,7923494912
170.6,15489421312,7923494912
170.8,15500972032,7923494912
171.0,15511605248,7923494912
171.2,15520333824,7923494912
171.4,15531679744,7923494912
171.6,15543021568,7923494912
171.8,15554031616,7923494912
172.0,15565099008,7923494912
172.2,15576588288,7923494912
172.4,15586975744,7923494912
172.6,15599165440,7923494912
172.8,15611179008,7923494912
173.0,15622946816,7923494912
173.2,15634485248,7923494912
173.4,15646150656,7923494912
173.6,15657746432,7923494912
173.8,15669891072,7923494912
174.0,15680405504,7923494912
174.2,15691866112,7923494912
174.4,15702536192,7923494912
174.6,15713443840,7923494912
174.8,15724883968,7923494912
175.0,15736156160,7923494912
175.2,15747260416,7923494912
175.4,15761342464,7923494912
175.6,15774662656,7923494912
175.8,15785459712,7923494912
176.0,15797846016,7923494912
176.2,15808335872,7923494912
176.4,15820464128,7923494912
176.6,15832412160,7923494912
176.8,15844392960,7923494912
177.0,15856070656,7923494912
177.2,15868493824,7923494912
177.4,15880482816,7923494912
177.6,15892439040,7923494912
177.8,15904223232,7923494912
178.0,15916359680,7923494912
178.2,15927828480,7923494912
178.4,15939031040,7923494912
178.6,15951679488,7923494912
178.8,15963009024,7923494912
179.0,15974731776,7923494912
179.2,15986647040,7923494912
179.4,15998001152,7923494912
179.6,16009678848,7923494912
179.8,16021458944,7923494912
180.0,16032833536,7923494912
180.2,16044363776,7923494912
180.4,16056197120,7923494912
180.6,16067629056,7923494912
180.8,16080248832,7923494912
181.004,16091873280,7923494912
181.2,16102731776,7923494912
181.4,16113643520,7923494912
181.6,16127279104,7923494912
181.8,16140668928,7923494912
182.0,16153423872,7923494912
182.2,16164831232,7923494912
182.4,16176238592,7923494912
182.6,16187944960,7923494912
182.8,16198828032,7923494912
183.0,16210067456,7923494912
183.2,16221470720,7923494912
183.4,16232710144,7923494912
183.6,16243949568,7923494912
183.8,16255156224,7923494912
184.0,16265314304,7923494912
184.2,16276619264,7923494912
184.4,16287891456,7923494912
184.6,16300605440,7923494912
184.8,16312008704,7923494912
185.0,16325378048,7923494912
185.2,16338616320,7923494912
185.4,16351035392,7923494912
185.6,16364208128,7923494912
185.8,16377479168,7923494912
186.0,16390717440,7923494912
186.2,16403951616,7923494912
186.4,16416092160,7923494912
186.6,16428007424,7923494912
186.8,16439046144,7923494912
187.0,16450977792,7923494912
187.2,16463347712,7923494912
187.4,16475222016,7923494912
187.6,16485617664,7923494912
187.8,16497233920,7923494912
188.0,16508542976,7923494912
188.2,16521031680,7923494912
188.4,16533303296,7923494912
188.6,16545468416,7923494912
188.8,16556482560,7923494912
189.0,16568020992,7923494912
189.2,16579817472,7923494912
189.4,16590991360,7923494912
189.6,16602165248,7923494912
189.8,16613867520,7923494912
190.0,16625668096,7923494912
190.2,16637370368,7923494912
190.4,16648577024,7923494912
190.6,16659849216,7923494912
190.8,16671387648,7923494912
191.0,16682561536,7923494912
191.2,16693116928,7923494912
191.4,16703901696,7923494912
191.6,16714551296,7923494912
191.8,16725008384,7923494912
192.0,16735297536,7923494912
192.2,16745684992,7923494912
192.4,16756764672,7923494912
192.6,16768069632,7923494912
192.8,16779575296,7923494912
193.0,16790618112,7923494912
193.2,16802222080,7923494912
193.4,16813690880,7923494912
193.6,16824471552,7923494912
193.8,16835907584,7923494912
194.0,16847081472,7923494912
194.2,16858451968,7923494912
194.4,16870285312,7923494912
194.6,16881623040,7923494912
194.8,16893161472,7923494912
195.0,16904335360,7923494912
195.2,16915644416,7923494912
195.4,16927440896,7923494912
195.6,16938942464,7923494912
195.8,16949596160,7923494912
196.0,16959524864,7923494912
196.2,16969682944,7923494912
196.4,16980234240,7923494912
196.6,16990855168,7923494912
196.8,17001209856,7923494912
197.0,17011531776,7923494912
197.2,17022181376,7923494912
197.4,17032568832,7923494912
197.6,17043447808,7923494912
197.8,17053675520,7923494912
198.0,17064230912,7923494912
198.2,17075179520,7923494912
198.4,17086025728,7923494912
198.6,17096511488,7923494912
198.8,17107030016,7923494912
199.0,17118011392,7923494912
199.2,17128681472,7923494912
199.4,17139507200,7923494912
199.6,17150357504,7923494912
199.8,17160843264,7923494912
200.0,17171890176,7923494912
200.2,17182834688,7923494912
200.4,17193353216,7923494912
200.6,17203838976,7923494912
200.8,17214754816,7923494912
201.0,17225568256,7923494912
201.2,17236021248,7923494912
201.4,17246736384,7923494912
201.6,17257717760,7923494912
201.8,17268502528,7923494912
202.0,17279447040,7923494912
202.2,17290035200,7923494912
202.4,17300754432,7923494912
202.6,17311698944,7923494912
202.8,17321889792,7923494912
203.0,17332772864,7923494912
203.2,17343193088,7923494912
203.4,17354104832,7923494912
203.6,17365004288,7923494912
203.8,17375866880,7923494912
204.0,17386582016,7923494912
204.2,17397727232,7923494912
204.4,17408344064,7923494912
204.6,17418997760,7923494912
204.8,17430171648,7923494912
205.0,17441116160,7923494912
205.2,17451929600,7923494912
205.4,17462714368,7923494912
205.6,17473626112,7923494912
205.8,17484673024,7923494912
206.0,17495322624,7923494912
206.2,17505906688,7923494912
206.4,17516560384,7923494912
206.6,17527406592,7923494912
206.8,17538318336,7923494912
207.0,17549496320,7923494912
207.2,17560178688,7923494912
207.4,17571192832,7923494912
207.6,17582006272,7923494912
207.8,17592496128,7923494912
208.0,17603244032,7923494912
208.2,17614286848,7923494912
208.4,17625296896,7923494912
208.6,17636536320,7923494912
208.8,17647087616,7923494912
209.0,17658195968,7923494912
209.2,17668751360,7923494912
209.4,17679826944,7923494912
209.6,17690411008,7923494912
209.8,17701490688,7923494912
210.0,17712631808,7923494912
210.2,17723908096,7923494912
210.4,17734725632,7923494912
210.6,17747623936,7923494912
210.8,17758740480,7923494912
211.0,17771175936,7923494912
211.2,17779560448,7923494912
211.4,17788157952,7923494912
211.6,17795256320,7923494912
211.8,17803165696,7923494912
212.0,17820094464,7923494912
212.2,17830207488,7923494912
212.4,17836900352,7923494912
212.6,17847382016,7923494912
212.8,17857302528,7923494912
213.0,17867866112,7923494912
213.2,17870934016,7923494912
213.4,17874227200,7923494912
213.6,17879183360,4137533440
213.8,14093242368,4137533440
214.0,14093242368,4137533440
214.2,14102253568,4137521152
214.4,14118838272,4137521152
214.6,14136397824,4137521152
214.8,14154383360,4137521152
215.0,14172164096,4137521152
215.2,14188929024,4137521152
215.4,14206349312,4137521152
215.6,14224277504,4137521152
215.8,14241067008,4137521152
216.0,14258847744,4137521152
216.2,14276521984,4137521152
216.4,14295875584,4137521152
216.6,14314397696,4137521152
216.8,14332284928,4137521152
217.0,14350524416,4137521152
217.2,14367289344,4137521152
217.4,14385221632,4137521152
217.6,14401298432,4137521152
217.8,14418046976,4137521152
218.0,14436499456,4137521152
218.2,14455443456,4137521152
218.4,14473617408,4137521152
218.6,14491844608,4137521152
218.8,14510481408,4137521152
219.0,14527156224,4137521152
219.2,14545281024,4137521152
219.4,14563250176,4137521152
219.6,14580985856,4137521152
219.8,14600515584,4137521152
220.0,14620504064,4137521152
220.2,14641995776,4137521152
220.4,14664097792,4137521152
220.6,14682877952,4137521152
220.8,14697590784,4137521152
221.0,14716076032,4137521152
221.2,14722842624,4137521152
221.4,14728404992,4137521152
221.6,14733819904,4137521152
221.8,14738337792,4137521152
222.0,14743867392,4137521152
222.2,14752735232,4137521152
222.4,14761365504,4137521152
222.6,14766268416,4137521152
222.8,14773874688,4137521152
223.0,14779088896,4137521152
223.2,14784544768,4137521152
223.4,14790434816,4137521152
223.6,14797725696,4137521152
223.8,14802235392,4137521152
224.0,14805757952,4137521152
224.2,14811381760,4137521152
224.4,14816624640,4137521152
224.6,14831063040,4137521152
224.8,14840573952,4137521152
225.0,14850195456,4137521152
225.2,14854127616,4137521152
225.4,14858801152,4137521152
225.6,14863306752,4137521152
225.8,14868799488,4137521152
226.0,14872481792,4137521152
226.2,14877085696,4137521152
226.4,14881320960,4137521152
226.6,14891266048,4137521152
226.8,14903070720,4137521152
227.0,14916702208,4137521152
227.2,14932971520,4137521152
227.4,14941990912,4137521152
227.6,14952271872,4137521152
227.8,14958055424,4137521152
228.0,14961733632,4137521152
228.2,14970392576,4137521152
228.4,14977249280,4137521152
228.6,14985613312,4137521152
228.8,14994743296,4137521152
229.0,15005319168,4137521152
229.2,15015743488,4137521152
229.4,15025410048,4137521152
229.6,15035744256,4137521152
229.8,15047061504,4137521152
230.0,15059087360,4137521152
230.2,15070883840,4137521152
230.4,15083040768,4137521152
230.6,15095263232,4137521152
230.8,15107649536,4137521152
231.0,15120265216,4137521152
231.2,15132979200,4137521152
231.4,15143825408,4137521152
231.6,15156834304,4137521152
231.8,15169351680,4137521152
232.0,15181869056,4137521152
232.2,15194451968,4137521152
232.4,15208345600,4137521152
232.6,15229546496,4137521152
232.8,15253827584,4137521152
233.0,15280697344,4137521152
233.2,15306878976,4137521152
233.4,15334109184,4137521152
233.6,15360290816,4137521152
233.8,15386705920,4137521152
234.0,15408230400,4137521152
234.2,15423598592,4137521152
234.4,15436562432,4137521152
234.6,15445655552,4137521152
234.8,15455289344,4137521152
235.0,15467917312,4137521152
235.2,15476924416,4137521152
235.4,15487336448,4137521152
235.6,15497854976,4137521152
235.8,15507779584,4137521152
236.0,15513169920,4137521152
236.2,15518654464,4137521152
236.4,15527325696,4137521152
236.6,15534895104,4137521152
236.8,15550787584,4137521152
237.0,15566200832,4137521152
237.2,15571443712,4137521152
237.4,15580622848,4137521152
237.6,15593213952,4137521152
237.8,15602581504,4137521152
238.0,15614636032,4137521152
238.2,15618568192,4137521152
238.402,15622152192,4137521152
238.6,15625945088,4137521152
238.8,15629758464,4137521152
239.0,15635554304,4137521152
239.2,15647555584,4137521152
239.4,15659278336,4137521152
239.6,15670812672,4137521152
239.8,15685271552,4137521152
240.0,15693398016,4137521152
240.2,15701413888,4137521152
240.4,15709061120,4137521152
240.6,15720628224,4137521152
240.8,15732097024,4137521152
241.0,15746711552,4137521152
241.2,15757324288,4137521152
241.4,15765278720,4137521152
241.6,15777468416,4137521152
241.8,15789002752,4137521152
242.0,15801454592,4137521152
242.2,15814463488,4137521152
242.4,15834714112,4137521152
242.6,15856275456,4137521152
242.8,15877279744,4137521152
243.0,15899693056,4137521152
243.2,15921254400,4137521152
243.4,15935279104,4137521152
243.6,15945363456,4137521152
243.8,15953260544,4137521152
244.0,15958319104,4137521152
244.2,15966138368,4137521152
244.4,15974932480,4137521152
244.6,15983734784,4137521152
244.8,15996932096,4137521152
245.0,16005689344,4137521152
245.2,16017309696,4137521152
245.4,16028786688,4137521152
245.6,16036753408,4137521152
245.8,16045367296,4137521152
246.0,16054689792,4137521152
246.2,16062820352,4137521152
246.4,16072790016,4137521152
246.6,16081166336,4137521152
246.8,16090951680,4137521152
247.0,16098451456,4137521152
247.2,16107012096,4137521152
247.4,16114446336,4137521152
247.6,16123822080,4137521152
247.8,16131624960,4137521152
248.0,16140390400,4137521152
248.2,16150585344,4137521152
248.4,16172212224,4137521152
248.6,16190672896,4137521152
248.8,16202063872,4137521152
249.0,16209940480,4137521152
249.2,16220139520,4137521152
249.4,16231555072,4137521152
249.6,16244367360,4137521152
249.8,16262094848,4137521152
250.0,16287391744,4137521152
250.2,16298876928,4137521152
250.4,16307843072,4137521152
250.6,16318558208,4137521152
250.8,16328491008,4137521152
251.0,16336945152,4137521152
251.2,16345759744,4137521152
251.4,16353435648,4137521152
251.6,16364941312,4137521152
251.8,16376455168,4137521152
252.0,16384933888,4137521152
252.2,16395743232,4137521152
252.4,16406024192,4137521152
252.6,16414916608,4137521152
252.8,16425553920,4137521152
253.0,16445935616,4137521152
253.2,16466546688,4137521152
253.4,16475361280,4137521152
253.6,16482930688,4137521152
253.8,16494448640,4137521152
254.0,16504184832,4137521152
254.2,16512798720,4137521152
254.4,16521457664,4137521152
254.6,16530534400,4137521152
254.8,16542879744,4137521152
255.0,16551522304,4137521152
255.2,16563437568,4137521152
255.4,16575877120,4137521152
255.6,16586698752,4137521152
255.8,16603443200,4137521152
256.0,16623415296,4137521152
256.2,16631881728,4137521152
256.4,16642936832,4137521152
256.6,16653750272,4137521152
256.8,16660602880,4137521152
257.0,16670298112,4137521152
257.2,16681304064,4137521152
257.4,16691597312,4137521152
257.6,16702509056,4137521152
257.8,16711176192,4137521152
258.0,16731394048,4137521152
258.2,16741752832,4137521152
258.4,16749727744,4137521152
258.6,16760958976,4137521152
258.8,16773545984,4137521152
259.0,16783671296,4137521152
259.2,16794124288,4137521152
259.4,16804683776,4137521152
259.6,16814108672,4137521152
259.8,16822296576,4137521152
260.0,16831762432,4137521152
260.2,16842461184,4137521152
260.4,16852971520,4137521152
260.6,16864985088,4137521152
260.8,16879992832,4137521152
261.0,16890777600,4137521152
261.2,16901279744,4137521152
261.4,16911093760,4137521152
261.6,16922632192,4137521152
261.8,16930410496,4137521152
262.0,16940777472,4137521152
262.2,16951627776,4137521152
262.4,16960778240,4137521152
262.6,16971993088,4137521152
262.8,16982044672,4137521152
263.0,16992190464,4137521152
263.2,17001312256,4137521152
263.4,17009684480,4137521152
263.6,17019346944,4137521152
263.8,17027854336,4137521152
264.0,17037737984,4137521152
264.2,17047937024,4137521152
264.4,17057374208,4137521152
264.6,17066213376,4137521152
264.8,17074950144,4137521152
265.0,17083834368,4137521152
265.2,17093926912,4137521152
265.4,17106280448,4137521152
265.6,17123876864,4137521152
265.8,17135034368,4137521152
266.0,17148006400,4137521152
266.2,17160499200,4137521152
266.4,17170731008,4137521152
266.6,17182978048,4137521152
266.8,17191862272,4137521152
267.0,17201770496,4137521152
267.2,17214611456,4137521152
267.4,17224503296,4137521152
267.6,17233301504,4137521152
267.8,17243979776,4137521152
268.0,17261084672,4137521152
268.2,17277411328,4137521152
268.4,17288925184,4137521152
268.6,17308651520,4137521152
268.8,17330245632,4137521152
269.0,17349423104,4137521152
269.2,17364828160,4137521152
269.4,17380093952,4137521152
269.6,17392779264,4137521152
269.8,17407111168,4137521152
270.0,17416994816,4137521152
270.2,17428529152,4137521152
270.4,17439735808,4137521152
270.6,17452154880,4137521152
270.8,17467723776,4137521152
271.0,17477419008,4137521152
271.2,17482649600,4137521152
271.4,17493508096,4137521152
271.6,17505067008,4137521152
271.8,17515798528,4137521152
272.0,17525420032,4137521152
272.2,17534431232,4137521152
272.4,17540493312,4137521152
272.6,17549008896,4137521152
272.8,17560330240,4137521152
273.0,17571520512,4137521152
273.2,17581785088,4137521152
273.4,17593257984,4137521152
273.6,17604218880,4137521152
273.8,17614700544,4137521152
274.0,17623150592,4137521152
274.2,17632624640,4137521152
274.4,17642582016,4137521152
274.6,17653923840,4137521152
274.8,17664704512,4137521152
275.002,17674960896,4137521152
275.2,17685991424,4137521152
275.4,17698377728,4137521152
275.6,17710501888,4137521152
275.8,17722626048,4137521152
276.0,17736814592,4137521152
276.2,17751986176,4137521152
276.4,17763741696,4137521152
276.6,17774063616,4137521152
276.8,17782624256,4137521152
277.0,17791279104,4137521152
277.2,17802399744,4137521152
277.4,17811546112,4137521152
277.6,17820348416,4137521152
277.8,17830502400,4137521152
278.0,17840328704,4137521152
278.2,17853210624,4137521152
278.4,17860550656,4137521152
278.6,17870966784,4137521152
278.8,17880915968,4137521152
279.0,17889337344,4137521152
279.2,17900503040,4137521152
279.4,15955349504,2189402112
279.6,15955349504,2189402112
279.8,15955349504,2189402112
280.0,15955349504,2189402112
280.2,15955349504,2189402112
280.4,15955652608,2189381632
280.6,15962202112,2189381632
280.8,15974301696,2189381632
281.0,15986917376,2189381632
281.2,16000286720,2189381632
281.4,16011952128,2189381632
281.6,16023552000,2189381632
281.8,16034684928,2189381632
282.0,16046948352,2189381632
282.2,16056930304,2189381632
282.4,16066527232,2189381632
282.6,16075603968,2189381632
282.8,16087203840,2189381632
283.0,16098590720,2189381632
283.2,16108728320,2189381632
283.4,16118538240,2189381632
283.6,16129318912,2189381632
283.8,16142000128,2189381632
284.0,16152756224,2189381632
284.2,16164651008,2189381632
284.4,16177528832,2189381632
284.6,16185552896,2189381632
284.8,16197697536,2189381632
285.0,16205824000,2189381632
285.2,16213815296,2189381632
285.4,16219676672,2189381632
285.6,16226603008,2189381632
285.8,16236408832,2189381632
286.0,16241709056,2189381632
286.2,16249102336,2189381632
286.4,16264736768,2189381632
286.601,16279199744,2189381632
286.8,16289886208,2189381632
287.0,16297570304,2189381632
287.2,16302764032,2189381632
287.4,16312098816,2189381632
287.6,16328187904,2189381632
287.8,16336519168,2189381632
288.0,16343740416,2189381632
288.2,16354996224,2189381632
288.4,16364720128,2189381632
288.6,16378789888,2189381632
288.8,16382451712,2189381632
289.0,16396161024,2189381632
289.2,16410021888,2189381632
289.4,16428228608,2189381632
289.6,16441638912,2189381632
289.8,16449114112,2189381632
290.0,16459251712,2189381632
290.2,16470462464,2189381632
290.4,16473624576,2189381632
290.6,16475942912,2189381632
290.8,16478085120,2189381632
291.0,16480112640,2189381632
291.2,16482484224,2189381632
291.4,16484524032,2189381632
291.6,16486322176,2189381632
291.8,16488005632,2189381632
292.0,16489775104,2189381632
292.2,16491679744,2189381632
292.4,16494215168,2189381632
292.6,16496832512,2189381632
292.8,16502026240,2189381632
293.0,16508362752,2189381632
293.2,16517799936,2189381632
293.4,16526532608,2189381632
293.6,16543191040,2189381632
293.8,16552370176,2189381632
294.0,16561893376,2189381632
294.2,16572416000,2189381632
294.4,16583188480,2189381632
294.6,16593616896,2189381632
294.8,16602267648,2189381632
295.0,16611295232,2189381632
295.2,16620523520,2189381632
295.4,16629866496,2189381632
295.6,16639467520,2189381632
295.8,16648818688,2189381632
296.0,16654290944,2189381632
296.2,16662622208,2189381632
296.4,16671453184,2189381632
296.6,16680595456,2189381632
296.8,16690167808,2189381632
297.0,16698851328,2189381632
297.2,16708612096,2189381632
297.4,16720445440,2189381632
297.6,16729194496,2189381632
297.8,16738639872,2189381632
298.0,16749125632,2189381632
298.2,16758571008,2189381632
298.4,16768335872,2189381632
298.6,16777515008,2189381632
298.8,16787091456,2189381632
299.0,16796721152,2189381632
299.2,16806461440,2189381632
299.4,16816029696,2189381632
299.6,16826130432,2189381632
299.8,16838258688,2189381632
300.0,16848928768,2189381632
300.2,16859095040,2189381632
300.4,16869101568,2189381632
300.6,16878915584,2189381632
300.8,16888938496,2189381632
301.0,16899145728,2189381632
301.2,16909393920,2189381632
301.4,16919642112,2189381632
301.6,16929476608,2189381632
301.8,16939085824,2189381632
302.0,16947150848,2189381632
302.2,16956108800,2189381632
302.4,16966184960,2189381632
302.6,16975958016,2189381632
302.8,16984977408,2189381632
303.0,16995647488,2189381632
303.2,17006952448,2189381632
303.4,17017405440,2189381632
303.6,17026478080,2189381632
303.8,17029296128,2189381632
304.0,17032482816,2189381632
304.2,17036120064,2189381632
304.4,17041256448,2189381632
304.6,17047306240,2189381632
304.8,17050288128,2189381632
305.0,17054052352,2189381632
305.2,17058213888,2189381632
305.4,17062866944,2189381632
305.6,17066827776,2189381632
305.8,17073209344,2189381632
306.0,17077456896,2189381632
306.2,17080885248,2189381632
306.4,17084096512,2189381632
306.6,17087315968,2189381632
306.8,17092091904,2189381632
307.0,17097572352,2189381632
307.2,17104662528,2189381632
307.4,17110978560,2189381632
307.6,17115742208,2189381632
307.8,17119309824,2189381632
308.0,17123495936,2189381632
308.2,17126518784,2189381632
308.4,17129201664,2189381632
308.6,17131892736,2189381632
308.8,17136275456,2189381632
309.0,17139871744,2189381632
309.2,17141964800,2189381632
309.4,17144913920,2189381632
309.6,17148276736,2189381632
309.8,17151684608,2189381632
310.0,17155129344,2189381632
310.2,17158619136,2189381632
310.4,17161523200,2189381632
310.6,17163632640,2189381632
310.8,17166864384,2189381632
311.0,17170382848,2189381632
311.2,17174335488,2189381632
311.4,17178300416,2189381632
311.6,17182117888,2189381632
311.8,17185198080,2189381632
312.0,17188311040,2189381632
312.2,17192226816,2189381632
312.4,17198661632,2189381632
312.6,17204858880,2189381632
312.8,17211002880,2189381632
313.001,17217384448,2189381632
313.2,17222955008,2189381632
313.4,17228775424,2189381632
313.6,17236606976,2189381632
313.8,17242603520,2189381632
314.0,17247936512,2189381632
314.2,17254043648,2189381632
314.4,17260048384,2189381632
314.6,17265909760,2189381632
314.8,17271607296,2189381632
315.0,17277169664,2189381632
315.2,17282682880,2189381632
315.4,17289404416,2189381632
315.6,17295429632,2189381632
315.8,17300832256,2189381632
316.0,17303490560,2189381632
316.2,17308004352,2189381632
316.4,17312411648,2189381632
316.6,17315479552,2189381632
316.8,17320280064,2189381632
317.0,17324593152,2189381632
317.2,17328001024,2189381632
317.4,17332310016,2189381632
317.6,17339133952,2189381632
317.8,17345630208,2189381632
318.0,17350590464,2189381632
318.2,17353682944,2189381632
318.4,17356406784,2189381632
318.6,17362223104,2189381632
318.8,17365577728,2189381632
319.0,17368940544,2189381632
319.2,17374052352,2189381632
319.4,17377669120,2189381632
319.6,17381502976,2189381632
319.8,17384992768,2189381632
320.0,17388011520,2189381632
320.2,17393455104,2189381632
320.4,17398640640,2189381632
320.6,17402961920,2189381632
320.8,17407950848,2189381632
321.0,17411764224,2189381632
321.2,17414422528,2189381632
321.4,17417646080,2189381632
321.6,17421991936,2189381632
321.8,17426604032,2189381632
322.0,17431113728,2189381632
322.2,17435189248,2189381632
322.4,17440686080,2189381632
322.6,17445355520,2189381632
322.8,17452654592,2189381632
323.0,17459367936,2189381632
323.2,17466085376,2189381632
323.4,17472716800,2189381632
323.6,17477849088,2189381632
323.8,17481039872,2189381632
324.0,17484484608,2189381632
324.2,17490190336,2189381632
324.4,17495183360,2189381632
324.6,17500459008,2189381632
324.8,17505472512,2189381632
325.0,17509068800,2189381632
325.2,17512054784,2189381632
325.4,17513934848,2189381632
325.6,17515778048,2189381632
325.8,17517572096,2189381632
326.0,17519419392,2189381632
326.2,17522176000,2189381632
326.4,17528786944,2189381632
326.6,17535991808,2189381632
326.8,17543131136,2189381632
327.0,17550180352,2189381632
327.2,17557127168,2189381632
327.4,17564332032,2189381632
327.6,17571299328,2189381632
327.8,17578508288,2189381632
328.0,17585762304,2189381632
328.2,17592823808,2189381632
328.4,17597460480,2189381632
328.6,17601126400,2189381632
328.8,17603969024,2189381632
329.0,17607229440,2189381632
329.2,17610129408,2189381632
329.4,17613094912,2189381632
329.6,17616097280,2189381632
329.8,17619079168,2189381632
330.0,17622175744,2189381632
330.2,17625350144,2189381632
330.4,17629700096,2189381632
330.6,17633357824,2189381632
330.8,17638690816,2189381632
331.0,17642954752,2189381632
331.2,17645989888,2189381632
331.4,17650978816,2189381632
331.6,17656188928,2189381632
331.8,17661304832,2189381632
332.0,17666416640,2189381632
332.2,17670963200,2189381632
332.4,17675210752,2189381632
332.6,17679589376,2189381632
332.8,17683968000,2189381632
333.0,17687470080,2189381632
333.2,17690923008,2189381632
333.4,17694244864,2189381632
333.6,17696854016,2189381632
333.8,17699319808,2189381632
334.0,17704570880,2189381632
334.2,17709010944,2189381632
334.4,17712721920,2189381632
334.6,17715978240,2189381632
334.8,17719918592,2189381632
335.0,17724305408,2189381632
335.2,17728847872,2189381632
335.4,17731125248,2189381632
335.6,17735159808,2189381632
335.8,17739251712,2189381632
336.0,17742102528,2189381632
336.2,17745289216,2189381632
336.4,17748402176,2189381632
336.6,17751543808,2189381632
336.8,17754894336,2189381632
337.0,17758056448,2189381632
337.2,17761173504,2189381632
337.4,17764143104,2189381632
337.6,17767227392,2189381632
337.8,17770291200,2189381632
338.0,17773338624,2189381632
338.2,17776541696,2189381632
338.4,17779458048,2189381632
338.6,17782554624,2189381632
338.8,17785937920,2189381632
339.0,17793511424,2189381632
339.2,17798037504,2189381632
339.4,17805004800,2189381632
339.6,17811243008,2189381632
339.8,17817935872,2189381632
340.0,17824112640,2189381632
340.2,17826971648,2189381632
340.4,17829830656,2189381632
340.6,17833869312,2189381632
340.8,17837412352,2189381632
341.0,17839878144,2189381632
341.2,17842524160,2189381632
341.4,17845141504,2189381632
341.6,17847967744,2189381632
341.8,17850695680,2189381632
342.0,17853288448,2189381632
342.2,17855356928,2189381632
342.4,17856589824,2189381632
342.6,17858441216,2189381632
342.8,17866543104,2189381632
343.0,17878331392,2189381632
343.2,17889316864,2189381632
343.4,17900154880,2189381632
343.6,17910927360,2189381632
343.8,17920962560,2189381632
344.0,17930424320,2189381632
344.204,17940701184,2189381632
344.4,17950924800,2189381632
344.6,17962463232,2189381632
344.8,17972932608,2189381632
345.0,17986703360,2189381632
345.2,17998520320,2189381632
345.4,18008461312,2189381632
345.6,18019393536,2189381632
345.8,18030493696,2189381632
346.0,18040758272,2189381632
346.2,18054320128,2189381632
346.4,18064621568,2189381632
346.6,18075025408,2189381632
346.8,18084679680,2189381632
347.0,18094415872,2189381632
347.2,18104086528,2189381632
347.4,18113884160,2189381632
347.6,18124312576,2189381632
347.8,18135371776,2189381632
348.0,18146160640,2189381632
348.2,18156957696,2189381632
348.4,18167226368,2189381632
348.6,18177957888,2189381632
348.8,18188062720,2189381632
349.0,18198224896,2189381632
349.2,18208681984,2189381632
349.4,18219401216,2189381632
349.6,18231341056,2189381632
349.8,18242760704,2189381632
350.0,18254282752,2189381632
350.2,18270617600,2189381632
350.4,18281545728,2189381632
350.6,18293579776,2189381632
350.8,18306527232,2189381632
351.0,18319331328,2189381632
351.2,18336256000,2189381632
351.4,18353885184,2189381632
351.6,18370428928,2189381632
351.8,18386575360,2189381632
352.0,18401800192,2189381632
352.2,18415390720,2189381632
352.4,18429292544,2189381632
352.6,18438828032,2189381632
352.8,18447265792,2189381632
353.0,18459201536,2189381632
353.2,18470002688,2189381632
353.4,18482597888,2189381632
353.6,18496937984,2189381632
353.8,18509877248,2189381632
354.0,18521649152,2189381632
354.2,18533638144,2189381632
354.4,18544070656,2189381632
354.6,18559143936,2189381632
354.8,18574127104,2189381632
355.0,18588663808,2189381632
355.2,18604027904,2189381632
355.4,18617094144,2189381632
355.6,18630770688,2189381632
355.8,18643886080,2189381632
356.0,18653417472,2189381632
356.2,18667487232,2189381632
356.4,18681589760,2189381632
356.6,18695507968,2189381632
356.8,18711920640,2189381632
357.0,18730016768,2189381632
357.2,18740064256,2189381632
357.4,18755612672,2189381632
357.6,18777710592,2189381632
357.8,18799124480,2189381632
358.0,18815430656,2189381632
358.2,18835886080,2189381632
358.4,18849095680,2189381632
358.6,18859659264,2189381632
358.8,18876006400,2189381632
359.0,18888265728,2189381632
359.2,18900627456,2189381632
359.4,18917371904,2189381632
359.6,18931802112,2189381632
359.8,18941747200,2189381632
360.0,18954633216,2189381632
360.2,18969751552,2189381632
360.4,18981851136,2189381632
360.6,18999562240,2189381632
360.8,19012431872,2189381632
361.0,19028140032,2189381632
361.2,19043106816,2189381632
361.4,19055636480,2189381632
361.6,19070185472,2189381632
361.8,19074801664,2189381632
362.0,19078053888,2189381632
362.2,19081224192,2189381632
362.4,19084660736,2189381632
362.6,19087990784,2189381632
362.8,19091378176,2189381632
363.0,19093987328,2189381632
363.2,19097243648,2189381632
363.4,19100475392,2189381632
363.6,19103727616,2189381632
363.8,19106955264,2189381632
364.0,19111481344,2189381632
364.2,19118440448,2189381632
364.4,19121704960,2189381632
364.6,19124637696,2189381632
364.8,19127648256,2189381632
365.0,19130535936,2189381632
365.2,19133476864,2189381632
365.4,19136425984,2189381632
365.6,19139153920,2189381632
365.8,19141947392,2189381632
366.0,19152146432,2189381632
366.2,19163672576,2189381632
366.4,19177095168,2189381632
366.6,19190288384,2189381632
366.8,19201187840,2189381632
367.0,19211407360,2189381632
367.2,19222241280,2189381632
367.4,19233669120,2189381632
367.6,19246063616,2189381632
367.8,19262324736,2189381632
368.0,19274440704,2189381632
368.2,19277688832,2189381632
368.4,19280699392,2189381632
368.6,19283607552,2189381632
368.8,19286564864,2189381632
369.0,19289370624,2189381632
369.2,19292262400,2189381632
369.4,19296862208,2189381632
369.6,19301687296,2189381632
369.8,19313074176,2189381632
370.0,19324932096,2189381632
370.2,19340025856,2189381632
370.4,19349245952,2189381632
370.6,19352104960,2189381632
370.8,19355025408,2189381632
371.0,19358040064,2189381632
371.2,19362091008,2189381632
371.4,19370168320,2189381632
371.6,19373072384,2189381632
371.8,19375894528,2189381632
372.0,19378868224,2189381632
372.2,19393069056,2189381632
372.4,19406913536,2189381632
372.6,19413188608,2189381632
372.8,19419979776,2189381632
373.0,19430060032,2189381632
373.2,19437113344,2189381632
373.4,19448066048,2189381632
373.6,19458428928,2189381632
373.8,19471998976,2189381632
374.0,19481444352,2189381632
374.2,19492347904,2189381632
374.4,19502395392,2189381632
374.6,19512061952,2189381632
374.8,19522768896,2189381632
375.0,19533975552,2189381632
375.2,19545509888,2189381632
375.4,19563405312,2189381632
375.6,19575787520,2189381632
375.8,19586686976,2189381632
376.0,19596906496,2189381632
376.2,19604795392,2189381632
376.4,19615158272,2189381632
376.6,19622719488,2189381632
376.8,19629596672,2189381632
377.0,19636867072,2189381632
377.2,19643912192,2189381632
377.4,19653300224,2189381632
377.6,19658665984,2189381632
377.8,19665580032,2189381632
378.0,19675119616,2189381632
378.2,19679211520,2189381632
378.4,19683414016,2189381632
378.6,19691409408,2189381632
378.8,19699048448,2189381632
379.0,19706097664,2189381632
379.2,19712094208,2189381632
379.4,19719155712,2189381632
379.6,19734609920,2189381632
379.8,19747364864,2189381632
380.0,19754377216,2189381632
380.2,19762577408,2189381632
380.4,19768578048,2189381632
380.6,19773575168,2189381632
380.8,19779624960,2189381632
381.0,19786584064,2189381632
381.2,19791773696,2189381632
381.4,19798740992,2189381632
381.6,19804741632,2189381632
381.8,19815825408,2189381632
382.0,19820773376,2189381632
382.2,19826954240,2189381632
382.4,19831660544,2189381632
382.6,19837591552,2189381632
382.8,19842973696,2189381632
383.0,19850514432,2189381632
383.2,19856547840,2189381632
383.4,19863912448,2189381632
383.6,19871121408,2189381632
383.8,19877810176,2189381632
384.0,19886891008,2189381632
384.2,19893002240,2189381632
384.4,19899392000,2189381632
384.6,19905576960,2189381632
384.8,19912679424,2189381632
385.0,19918245888,2189381632
385.2,19922182144,2189381632
385.4,19931033600,2189381632
385.6,19936096256,2189381632
385.8,19942277120,2189381632
386.0,19950596096,2189381632
386.2,19961171968,2189381632
386.4,19966423040,2189381632
386.6,19974606848,2189381632
386.8,19982884864,2189381632
387.0,19990573056,2189381632
387.2,20002095104,2189381632
387.4,20015644672,2189381632
387.6,20033024000,2189381632
387.8,20043517952,2189381632
388.0,20051808256,2189381632
388.2,20060024832,2189381632
388.4,20068093952,2189381632
388.6,20076670976,2189381632
388.8,20084346880,2189381632
389.0,20096684032,2189381632
389.2,20104568832,2189381632
389.4,20115537920,2189381632
389.6,20123381760,2189381632
389.8,20130115584,2189381632
390.0,20134080512,2189381632
390.2,20143882240,2189381632
390.4,20151062528,2189381632
390.6,20160483328,2189381632
390.8,20168454144,2189381632
391.0,20178755584,2189381632
391.2,20191748096,2189381632
391.4,20199534592,2189381632
391.6,20206899200,2189381632
391.8,20219273216,2189381632
392.0,20234530816,2189381632
392.2,20241555456,2189381632
392.4,20245012480,2189381632
392.6,20248543232,2189381632
392.8,20252155904,2189381632
393.0,20255653888,2189381632
393.2,20259180544,2189381632
393.4,20262690816,2189381632
393.6,20265816064,2189381632
393.8,20269223936,2189381632
394.0,20272640000,2189381632
394.2,20278341632,2189381632
394.4,20283056128,2189381632
394.6,20289167360,2189381632
394.8,20297940992,2189381632
395.0,20322889728,2189381632
395.2,20350021632,2189381632
395.4,20369379328,2189381632
395.6,20392448000,2189381632
395.8,20415410176,2189381632
396.0,20428992512,2189381632
396.2,20440240128,2189381632
396.4,20450791424,2189381632
396.6,20464398336,2189381632
396.8,20481667072,2189381632
397.0,20493864960,2189381632
397.2,20505567232,2189381632
397.4,20517441536,2189381632
397.6,20529106944,2189381632
397.8,20540248064,2189381632
398.0,20551684096,2189381632
398.2,20562669568,2189381632
398.4,20573253632,2189381632
398.6,20583936000,2189381632
398.8,20595224576,2189381632
399.0,20606435328,2189381632
399.2,20617089024,2189381632
399.4,20628037632,2189381632
399.6,20642279424,2189381632
399.8,20654342144,2189381632
400.0,20668162048,2189381632
400.2,20685594624,2189381632
400.4,20689858560,2189381632
400.6,20694081536,2189381632
400.8,20698595328,2189381632
401.0,20703408128,2189381632
401.2,20707528704,2189381632
401.4,20711976960,2189381632
401.6,18532278272,5476352
401.8,18532278272,5476352
402.0,18532278272,5476352
402.2,18532278272,5476352
402.4,18532278272,5476352
402.6,18532290560,5476352
402.8,18532290560,5476352
403.0,18532478976,5468160
403.2,18546876416,5468160
403.4,18567831552,5468160
403.601,18568908800,0
403.8,18568908800,0
404.0,18568908800,0
404.2,18568908800,0
404.4,18568908800,0
404.6,18568908800,0
404.8,18568908800,0
405.0,18568908800,0
405.2,18568908800,0
405.4,18568908800,0
405.6,18568908800,0
405.803,18568908800,0
406.0,18568908800,0
406.2,18568908800,0
406.4,18568908800,0
406.6,18568908800,0
406.8,18568908800,0
406.917,18568908800,0
407.0,18568908800,0
407.2,18568908800,0
407.4,18568908800,0
407.6,18568908800,0
407.8,18568908800,0
